<?xml version="1.0" encoding="UTF-8" standalone="yes"?>
<addon id="plugin.video.tvstreampro" version="V1.0" name="[B][COLOR magenta]TVSTREAMPRO[/B][/COLOR][B][COLOR green][++][/B][/COLOR]" provider-name="[B][COLOR orange]@BLACKSHEEP_B[/B][/COLOR]">
    <requires>
        <import addon="script.module.simplejson" />
        <import addon="script.module.six" />
        <import addon="script.module.kodi-six" />
        <import addon="script.module.beautifulsoup4" />
        <import addon="script.module.requests" />
        <import addon="script.module.inputstreamhelper" />
        <import addon="inputstream.ffmpegdirect" version="21.3.5" />
    </requires>
    <extension point="xbmc.python.pluginsource" library="default.py">
        <provides>video</provides>
    </extension>
    <extension point="xbmc.addon.metadata">
        <summary lang="pt">O addon [COLOR magenta]TVSTREAMPRO[++][/COLOR] foi desenvolvido para buscar vídeos na internet, permitindo o streaming de vídeos por meio de provedores de hospedagem. Ele é compatível com todas as plataformas e está licenciado sob a Licença Pública Geral GNU. O addon não hospeda conteúdos diretamente nem possui afiliações com os provedores, atuando apenas como uma ferramenta de busca para conteúdo online. O uso do addon é de responsabilidade do usuário.</summary>
        <platform>all</platform>
        <license>GNU GENERAL PUBLIC LICENSE. Version 3, 29 June 2007</license>
        <disclaimer>[B][COLOR orange]OBRIGADO POR USAR NOSSO ADD-ONS[/B][/COLOR] [B][COLOR red]sz[/B][/COLOR] [B][COLOR white]AGRADECERMOS A SUA ESCOLHA[/B][/COLOR] [B][COLOR white]EQUIPE[/B][/COLOR] [B][COLOR magenta]TVSTREAMPRO[/B][/COLOR][B][COLOR green][++][/B][/COLOR] [COLOR gold]:D[/COLOR]</disclaimer>
        <description>[B][COLOR magenta]TVSTREAMPRO[/B][/COLOR][B][COLOR green][++][/B][/COLOR] [B][COLOR cyan]é um addon criado para oferecer uma experiência completa de entretenimento, com acesso a conteúdos exclusivos. A reprodução ou distribuição sem autorização prévia é estritamente proibida. Aproveite qualidade, praticidade e inovação no seu entretenimento.[/B][/COLOR]
</description>
        <assets>
            <icon>icon.png</icon>
            <fanart>fanart.jpg</fanart>
        </assets>
    </extension>
</addon>